{
  "project_info": {
    "project_number": "1032329808806",
    "project_id": "qazlingo-f4937",
    "storage_bucket": "qazlingo-f4937.appspot.com"
  },
  "client": [
    {
      "client_info": {
        "mobilesdk_app_id": "1:1032329808806:android:6730f97e0612360e3c1d67",
        "android_client_info": {
          "package_name": "com.qazlingo.learning"
        }
      },
      "oauth_client": [
        {
          "client_id": "1032329808806-dtrelrfccf9tcqvmv4ee3utns0n6fegf.apps.googleusercontent.com",
          "client_type": 1,
          "android_info": {
            "package_name": "com.qazlingo.learning",
            "certificate_hash": "24f8c3ef45ca9fb68d04e477ed7e33bdf54d44c1"
          }
        },
        {
          "client_id": "1032329808806-87sjshmk3lnm3681n1in0c37mhjalr13.apps.googleusercontent.com",
          "client_type": 3
        }
      ],
      "api_key": [
        {
          "current_key": "AIzaSyDcb7S9uQO5DY32-66vByXWbTQ6sw6j6Io"
        }
      ],
      "services": {
        "appinvite_service": {
          "other_platform_oauth_client": [
            {
              "client_id": "1032329808806-87sjshmk3lnm3681n1in0c37mhjalr13.apps.googleusercontent.com",
              "client_type": 3
            }
          ]
        }
      }
    }
  ],
  "configuration_version": "1"
}